dataset,tournament,round,percent,games_link,tournament_link
lets_check,13th Foxwoods Open,1,71,http://view.chessbase.com/cbreader/2022/9/11/Game233920671.html,https://theweekinchess.com/html/twic1276.html
lets_check,13th Foxwoods Open,2,46,http://view.chessbase.com/cbreader/2022/9/11/Game233920671.html,https://theweekinchess.com/html/twic1276.html
lets_check,13th Foxwoods Open,4,30,http://view.chessbase.com/cbreader/2022/9/11/Game233920671.html,https://theweekinchess.com/html/twic1276.html
lets_check,13th Foxwoods Open,5,69,http://view.chessbase.com/cbreader/2022/9/11/Game233920671.html,https://theweekinchess.com/html/twic1276.html
lets_check,13th Foxwoods Open,6,59,http://view.chessbase.com/cbreader/2022/9/11/Game233920671.html,https://theweekinchess.com/html/twic1276.html
lets_check,13th Foxwoods Open,7,24,http://view.chessbase.com/cbreader/2022/9/11/Game233920671.html,https://theweekinchess.com/html/twic1276.html
lets_check,13th Foxwoods Open,8,46,http://view.chessbase.com/cbreader/2022/9/11/Game233920671.html,https://theweekinchess.com/html/twic1276.html
lets_check,ch-USA Cadet 2019,1,36,http://view.chessbase.com/cbreader/2022/9/11/Game236020937.html,
lets_check,ch-USA Cadet 2019,2,55,http://view.chessbase.com/cbreader/2022/9/11/Game236020937.html,
lets_check,ch-USA Cadet 2019,3,37,http://view.chessbase.com/cbreader/2022/9/11/Game236020937.html,
lets_check,ch-USA Cadet 2019,4,46,http://view.chessbase.com/cbreader/2022/9/11/Game236020937.html,
lets_check,ch-USA Cadet 2019,5,75,http://view.chessbase.com/cbreader/2022/9/11/Game236020937.html,
lets_check,ch-USA Cadet 2019,6,84,http://view.chessbase.com/cbreader/2022/9/11/Game236020937.html,
lets_check,ch-USA Cadet 2019,7,39,http://view.chessbase.com/cbreader/2022/9/11/Game236020937.html,
lets_check,47th Annual World Open,1,39,http://view.chessbase.com/cbreader/2022/9/11/Game235905625.html,https://theweekinchess.com/html/twic1287.html
lets_check,47th Annual World Open,2,64,http://view.chessbase.com/cbreader/2022/9/11/Game235905625.html,https://theweekinchess.com/html/twic1287.html
lets_check,47th Annual World Open,3,72,http://view.chessbase.com/cbreader/2022/9/11/Game235905625.html,https://theweekinchess.com/html/twic1287.html
lets_check,47th Annual World Open,4,81,http://view.chessbase.com/cbreader/2022/9/11/Game235905625.html,https://theweekinchess.com/html/twic1287.html
lets_check,47th Annual World Open,5,27,http://view.chessbase.com/cbreader/2022/9/11/Game235905625.html,https://theweekinchess.com/html/twic1287.html
lets_check,47th Annual World Open,6,62,http://view.chessbase.com/cbreader/2022/9/11/Game235905625.html,https://theweekinchess.com/html/twic1287.html
lets_check,47th Annual World Open,7,20,http://view.chessbase.com/cbreader/2022/9/11/Game235905625.html,https://theweekinchess.com/html/twic1287.html
lets_check,47th Annual World Open,8,39,http://view.chessbase.com/cbreader/2022/9/11/Game235905625.html,https://theweekinchess.com/html/twic1287.html
lets_check,ch-USA Junior 2019,1,65,http://view.chessbase.com/cbreader/2022/9/11/Game235758187.html,https://theweekinchess.com/html/twic1289.html
lets_check,ch-USA Junior 2019,2,71,http://view.chessbase.com/cbreader/2022/9/11/Game235758187.html,https://theweekinchess.com/html/twic1289.html
lets_check,ch-USA Junior 2019,3,73,http://view.chessbase.com/cbreader/2022/9/11/Game235758187.html,https://theweekinchess.com/html/twic1289.html
lets_check,ch-USA Junior 2019,5,29,http://view.chessbase.com/cbreader/2022/9/11/Game235758187.html,https://theweekinchess.com/html/twic1289.html
lets_check,ch-USA Junior 2019,6,30,http://view.chessbase.com/cbreader/2022/9/11/Game235758187.html,https://theweekinchess.com/html/twic1289.html
lets_check,ch-USA Junior 2019,7,46,http://view.chessbase.com/cbreader/2022/9/11/Game235758187.html,https://theweekinchess.com/html/twic1289.html
lets_check,ch-USA Junior 2019,8,71,http://view.chessbase.com/cbreader/2022/9/11/Game235758187.html,https://theweekinchess.com/html/twic1289.html
lets_check,ch-USA Junior 2019,9,58,http://view.chessbase.com/cbreader/2022/9/11/Game235758187.html,https://theweekinchess.com/html/twic1289.html
lets_check,13th Philadelphia Int,1,55,http://view.chessbase.com/cbreader/2022/9/11/Game235649140.html,
lets_check,13th Philadelphia Int,2,85,http://view.chessbase.com/cbreader/2022/9/11/Game235649140.html,
lets_check,13th Philadelphia Int,3,51,http://view.chessbase.com/cbreader/2022/9/11/Game235649140.html,
lets_check,13th Philadelphia Int,4,64,http://view.chessbase.com/cbreader/2022/9/11/Game235649140.html,
lets_check,13th Philadelphia Int,5,53,http://view.chessbase.com/cbreader/2022/9/11/Game235649140.html,
lets_check,13th Philadelphia Int,7,59,http://view.chessbase.com/cbreader/2022/9/11/Game235649140.html,
lets_check,13th Philadelphia Int,8,77,http://view.chessbase.com/cbreader/2022/9/11/Game235649140.html,
lets_check,13th Philadelphia Int,9,36,http://view.chessbase.com/cbreader/2022/9/11/Game235649140.html,
lets_check,US Chess Masters 2019,1,77,http://view.chessbase.com/cbreader/2022/9/11/Game235538562.html,http://chess-results.com/tnr462572.aspx?lan=1&art=9&fed=USA&snr=28
lets_check,US Chess Masters 2019,2,51,http://view.chessbase.com/cbreader/2022/9/11/Game235538562.html,http://chess-results.com/tnr462572.aspx?lan=1&art=9&fed=USA&snr=28
lets_check,US Chess Masters 2019,4,70,http://view.chessbase.com/cbreader/2022/9/11/Game235538562.html,http://chess-results.com/tnr462572.aspx?lan=1&art=9&fed=USA&snr=28
lets_check,US Chess Masters 2019,6,54,http://view.chessbase.com/cbreader/2022/9/11/Game235538562.html,http://chess-results.com/tnr462572.aspx?lan=1&art=9&fed=USA&snr=28
lets_check,US Chess Masters 2019,8,47,http://view.chessbase.com/cbreader/2022/9/11/Game235538562.html,http://chess-results.com/tnr462572.aspx?lan=1&art=9&fed=USA&snr=28
lets_check,World Youth Open U16 2019,1,62,http://view.chessbase.com/cbreader/2022/9/11/Game235247546.html,http://chess-results.com/tnr470708.aspx?lan=1&art=9&fed=USA&turdet=YES&flag=30&snr=1
lets_check,World Youth Open U16 2019,2,70,http://view.chessbase.com/cbreader/2022/9/11/Game235247546.html,http://chess-results.com/tnr470708.aspx?lan=1&art=9&fed=USA&turdet=YES&flag=30&snr=1
lets_check,World Youth Open U16 2019,3,62,http://view.chessbase.com/cbreader/2022/9/11/Game235247546.html,http://chess-results.com/tnr470708.aspx?lan=1&art=9&fed=USA&turdet=YES&flag=30&snr=1
lets_check,World Youth Open U16 2019,4,50,http://view.chessbase.com/cbreader/2022/9/11/Game235247546.html,http://chess-results.com/tnr470708.aspx?lan=1&art=9&fed=USA&turdet=YES&flag=30&snr=1
lets_check,World Youth Open U16 2019,6,56,http://view.chessbase.com/cbreader/2022/9/11/Game235247546.html,http://chess-results.com/tnr470708.aspx?lan=1&art=9&fed=USA&turdet=YES&flag=30&snr=1
lets_check,World Youth Open U16 2019,7,64,http://view.chessbase.com/cbreader/2022/9/11/Game235247546.html,http://chess-results.com/tnr470708.aspx?lan=1&art=9&fed=USA&turdet=YES&flag=30&snr=1
lets_check,World Youth Open U16 2019,8,100,http://view.chessbase.com/cbreader/2022/9/11/Game235247546.html,http://chess-results.com/tnr470708.aspx?lan=1&art=9&fed=USA&turdet=YES&flag=30&snr=1
lets_check,World Youth Open U16 2019,9,44,http://view.chessbase.com/cbreader/2022/9/11/Game235247546.html,http://chess-results.com/tnr470708.aspx?lan=1&art=9&fed=USA&turdet=YES&flag=30&snr=1
lets_check,World Youth Open U16 2019,10,23,http://view.chessbase.com/cbreader/2022/9/11/Game235247546.html,http://chess-results.com/tnr470708.aspx?lan=1&art=9&fed=USA&turdet=YES&flag=30&snr=1
lets_check,World Youth Open U16 2019,11,39,http://view.chessbase.com/cbreader/2022/9/11/Game235247546.html,http://chess-results.com/tnr470708.aspx?lan=1&art=9&fed=USA&turdet=YES&flag=30&snr=1
lets_check,103rd ch-Marshall CC 2019,1,49,http://view.chessbase.com/cbreader/2022/9/11/Game234967687.html,https://theweekinchess.com/html/twic1307.html
lets_check,103rd ch-Marshall CC 2019,2,94,http://view.chessbase.com/cbreader/2022/9/11/Game234967687.html,https://theweekinchess.com/html/twic1307.html
lets_check,103rd ch-Marshall CC 2019,3,72,http://view.chessbase.com/cbreader/2022/9/11/Game234967687.html,https://theweekinchess.com/html/twic1307.html
lets_check,103rd ch-Marshall CC 2019,4,59,http://view.chessbase.com/cbreader/2022/9/11/Game234967687.html,https://theweekinchess.com/html/twic1307.html
lets_check,103rd ch-Marshall CC 2019,5,44,http://view.chessbase.com/cbreader/2022/9/11/Game234967687.html,https://theweekinchess.com/html/twic1307.html
lets_check,103rd ch-Marshall CC 2019,6,71,http://view.chessbase.com/cbreader/2022/9/11/Game234967687.html,https://theweekinchess.com/html/twic1307.html
lets_check,103rd ch-Marshall CC 2019,7,71,http://view.chessbase.com/cbreader/2022/9/11/Game234967687.html,https://theweekinchess.com/html/twic1307.html
lets_check,103rd ch-Marshall CC 2019,8,53,http://view.chessbase.com/cbreader/2022/9/11/Game234967687.html,https://theweekinchess.com/html/twic1307.html
lets_check,29th North American Open,1,51,http://view.chessbase.com/cbreader/2022/9/11/Game234871468.html,https://theweekinchess.com/html/twic1313.html
lets_check,29th North American Open,2,47,http://view.chessbase.com/cbreader/2022/9/11/Game234871468.html,https://theweekinchess.com/html/twic1313.html
lets_check,29th North American Open,3,73,http://view.chessbase.com/cbreader/2022/9/11/Game234871468.html,https://theweekinchess.com/html/twic1313.html
lets_check,29th North American Open,4,61,http://view.chessbase.com/cbreader/2022/9/11/Game234871468.html,https://theweekinchess.com/html/twic1313.html
lets_check,29th North American Open,6,54,http://view.chessbase.com/cbreader/2022/9/11/Game234871468.html,https://theweekinchess.com/html/twic1313.html
lets_check,29th North American Open,7,50,http://view.chessbase.com/cbreader/2022/9/11/Game234871468.html,https://theweekinchess.com/html/twic1313.html
lets_check,29th North American Open,8,88,http://view.chessbase.com/cbreader/2022/9/11/Game234871468.html,https://theweekinchess.com/html/twic1313.html
lets_check,29th North American Open,9,88,http://view.chessbase.com/cbreader/2022/9/11/Game234871468.html,https://theweekinchess.com/html/twic1313.html
lets_check,Marshall GM Norm 2020,2,81,http://view.chessbase.com/cbreader/2022/9/11/Game234459875.html,https://theweekinchess.com/html/twic1321.html
lets_check,Marshall GM Norm 2020,3,66,http://view.chessbase.com/cbreader/2022/9/11/Game234459875.html,https://theweekinchess.com/html/twic1321.html
lets_check,Marshall GM Norm 2020,4,58,http://view.chessbase.com/cbreader/2022/9/11/Game234459875.html,https://theweekinchess.com/html/twic1321.html
lets_check,Marshall GM Norm 2020,5,83,http://view.chessbase.com/cbreader/2022/9/11/Game234459875.html,https://theweekinchess.com/html/twic1321.html
lets_check,Marshall GM Norm 2020,6,55,http://view.chessbase.com/cbreader/2022/9/11/Game234459875.html,https://theweekinchess.com/html/twic1321.html
lets_check,Marshall GM Norm 2020,7,40,http://view.chessbase.com/cbreader/2022/9/11/Game234459875.html,https://theweekinchess.com/html/twic1321.html
lets_check,Marshall GM Norm 2020,8,100,http://view.chessbase.com/cbreader/2022/9/11/Game234459875.html,https://theweekinchess.com/html/twic1321.html
lets_check,Marshall GM Norm 2020,10,79,http://view.chessbase.com/cbreader/2022/9/11/Game234459875.html,https://theweekinchess.com/html/twic1321.html
lets_check,SPICE Cup Open 2020,1,68,http://view.chessbase.com/cbreader/2022/9/9/Game134332531.html,https://theweekinchess.com/html/twic1355.html
lets_check,SPICE Cup Open 2020,2,62,http://view.chessbase.com/cbreader/2022/9/9/Game134332531.html,https://theweekinchess.com/html/twic1355.html
lets_check,SPICE Cup Open 2020,3,61,http://view.chessbase.com/cbreader/2022/9/9/Game134332531.html,https://theweekinchess.com/html/twic1355.html
lets_check,SPICE Cup Open 2020,4,70,http://view.chessbase.com/cbreader/2022/9/9/Game134332531.html,https://theweekinchess.com/html/twic1355.html
lets_check,SPICE Cup Open 2020,5,69,http://view.chessbase.com/cbreader/2022/9/9/Game134332531.html,https://theweekinchess.com/html/twic1355.html
lets_check,SPICE Cup Open 2020,6,62,http://view.chessbase.com/cbreader/2022/9/9/Game134332531.html,https://theweekinchess.com/html/twic1355.html
lets_check,SPICE Cup Open 2020,7,90,http://view.chessbase.com/cbreader/2022/9/9/Game134332531.html,https://theweekinchess.com/html/twic1355.html
lets_check,SPICE Cup Open 2020,8,74,http://view.chessbase.com/cbreader/2022/9/9/Game134332531.html,https://theweekinchess.com/html/twic1355.html
lets_check,SPICE Cup Open 2020,9,69,http://view.chessbase.com/cbreader/2022/9/9/Game134332531.html,https://theweekinchess.com/html/twic1355.html
lets_check,CCCSA Fall Invitational 2020,1,96,http://view.chessbase.com/cbreader/2022/9/13/Game53102421.html,https://theweekinchess.com/html/twic1352.html
lets_check,CCCSA Fall Invitational 2020,2,59,http://view.chessbase.com/cbreader/2022/9/13/Game53102421.html,https://theweekinchess.com/html/twic1352.html
lets_check,CCCSA Fall Invitational 2020,3,61,http://view.chessbase.com/cbreader/2022/9/13/Game53102421.html,https://theweekinchess.com/html/twic1352.html
lets_check,CCCSA Fall Invitational 2020,4,72,http://view.chessbase.com/cbreader/2022/9/13/Game53102421.html,https://theweekinchess.com/html/twic1352.html
lets_check,CCCSA Fall Invitational 2020,5,69,http://view.chessbase.com/cbreader/2022/9/13/Game53102421.html,https://theweekinchess.com/html/twic1352.html
lets_check,CCCSA Fall Invitational 2020,6,100,http://view.chessbase.com/cbreader/2022/9/13/Game53102421.html,https://theweekinchess.com/html/twic1352.html
lets_check,CCCSA Fall Invitational 2020,8,72,http://view.chessbase.com/cbreader/2022/9/13/Game53102421.html,https://theweekinchess.com/html/twic1352.html
lets_check,US Class Master 2020,2,50,http://view.chessbase.com/cbreader/2022/9/9/Game139111671.html,https://theweekinchess.com/html/twic1357.html
lets_check,US Class Master 2020,3,25,http://view.chessbase.com/cbreader/2022/9/9/Game139111671.html,https://theweekinchess.com/html/twic1357.html
lets_check,US Class Master 2020,4,57,http://view.chessbase.com/cbreader/2022/9/9/Game139111671.html,https://theweekinchess.com/html/twic1357.html
lets_check,7th Sunway Sitges 2020,1,69,http://view.chessbase.com/cbreader/2022/9/9/Game138956187.html,http://chess-results.com/tnr537209.aspx?lan=1&art=9&fed=USA&turdet=YES&flag=30&snr=24
lets_check,7th Sunway Sitges 2020,2,80,http://view.chessbase.com/cbreader/2022/9/9/Game138956187.html,http://chess-results.com/tnr537209.aspx?lan=1&art=9&fed=USA&turdet=YES&flag=30&snr=24
lets_check,7th Sunway Sitges 2020,3,51,http://view.chessbase.com/cbreader/2022/9/9/Game138956187.html,http://chess-results.com/tnr537209.aspx?lan=1&art=9&fed=USA&turdet=YES&flag=30&snr=24
lets_check,7th Sunway Sitges 2020,4,63,http://view.chessbase.com/cbreader/2022/9/9/Game138956187.html,http://chess-results.com/tnr537209.aspx?lan=1&art=9&fed=USA&turdet=YES&flag=30&snr=24
lets_check,7th Sunway Sitges 2020,5,72,http://view.chessbase.com/cbreader/2022/9/9/Game138956187.html,http://chess-results.com/tnr537209.aspx?lan=1&art=9&fed=USA&turdet=YES&flag=30&snr=24
lets_check,7th Sunway Sitges 2020,6,100,http://view.chessbase.com/cbreader/2022/9/9/Game138956187.html,http://chess-results.com/tnr537209.aspx?lan=1&art=9&fed=USA&turdet=YES&flag=30&snr=24
lets_check,7th Sunway Sitges 2020,7,72,http://view.chessbase.com/cbreader/2022/9/9/Game138956187.html,http://chess-results.com/tnr537209.aspx?lan=1&art=9&fed=USA&turdet=YES&flag=30&snr=24
lets_check,7th Sunway Sitges 2020,8,73,http://view.chessbase.com/cbreader/2022/9/9/Game138956187.html,http://chess-results.com/tnr537209.aspx?lan=1&art=9&fed=USA&turdet=YES&flag=30&snr=24
lets_check,7th Sunway Sitges 2020,9,88,http://view.chessbase.com/cbreader/2022/9/9/Game138956187.html,http://chess-results.com/tnr537209.aspx?lan=1&art=9&fed=USA&turdet=YES&flag=30&snr=24
lets_check,7th Sunway Sitges 2020,10,56,http://view.chessbase.com/cbreader/2022/9/9/Game138956187.html,http://chess-results.com/tnr537209.aspx?lan=1&art=9&fed=USA&turdet=YES&flag=30&snr=24
lets_check,5th Vergani Cup Dec 2020,1,65,http://view.chessbase.com/cbreader/2022/9/9/Game140955796.html,http://chess-results.com/tnr544564.aspx?lan=1&art=9&fed=USA&turdet=YES&flag=30&snr=9
lets_check,5th Vergani Cup Dec 2020,2,66,http://view.chessbase.com/cbreader/2022/9/9/Game140955796.html,http://chess-results.com/tnr544564.aspx?lan=1&art=9&fed=USA&turdet=YES&flag=30&snr=9
lets_check,5th Vergani Cup Dec 2020,3,71,http://view.chessbase.com/cbreader/2022/9/9/Game140955796.html,http://chess-results.com/tnr544564.aspx?lan=1&art=9&fed=USA&turdet=YES&flag=30&snr=9
lets_check,5th Vergani Cup Dec 2020,4,51,http://view.chessbase.com/cbreader/2022/9/9/Game140955796.html,http://chess-results.com/tnr544564.aspx?lan=1&art=9&fed=USA&turdet=YES&flag=30&snr=9
lets_check,5th Vergani Cup Dec 2020,5,73,http://view.chessbase.com/cbreader/2022/9/9/Game140955796.html,http://chess-results.com/tnr544564.aspx?lan=1&art=9&fed=USA&turdet=YES&flag=30&snr=9
lets_check,5th Vergani Cup Dec 2020,6,49,http://view.chessbase.com/cbreader/2022/9/9/Game140955796.html,http://chess-results.com/tnr544564.aspx?lan=1&art=9&fed=USA&turdet=YES&flag=30&snr=9
lets_check,5th Vergani Cup Dec 2020,7,90,http://view.chessbase.com/cbreader/2022/9/9/Game140955796.html,http://chess-results.com/tnr544564.aspx?lan=1&art=9&fed=USA&turdet=YES&flag=30&snr=9
lets_check,5th Vergani Cup Dec 2020,8,68,http://view.chessbase.com/cbreader/2022/9/9/Game140955796.html,http://chess-results.com/tnr544564.aspx?lan=1&art=9&fed=USA&turdet=YES&flag=30&snr=9
lets_check,5th Vergani Cup Jan 2021,3,86,http://view.chessbase.com/cbreader/2022/9/9/Game141087437.html,http://chess-results.com/tnr532844.aspx?lan=1&art=9&fed=USA&turdet=YES&flag=30&snr=12
lets_check,5th Vergani Cup Jan 2021,4,58,http://view.chessbase.com/cbreader/2022/9/9/Game141087437.html,http://chess-results.com/tnr532844.aspx?lan=1&art=9&fed=USA&turdet=YES&flag=30&snr=12
lets_check,5th Vergani Cup Jan 2021,5,84,http://view.chessbase.com/cbreader/2022/9/9/Game141087437.html,http://chess-results.com/tnr532844.aspx?lan=1&art=9&fed=USA&turdet=YES&flag=30&snr=12
lets_check,5th Vergani Cup Jan 2021,6,54,http://view.chessbase.com/cbreader/2022/9/9/Game141087437.html,http://chess-results.com/tnr532844.aspx?lan=1&art=9&fed=USA&turdet=YES&flag=30&snr=12
lets_check,5th Vergani Cup Jan 2021,7,78,http://view.chessbase.com/cbreader/2022/9/9/Game141087437.html,http://chess-results.com/tnr532844.aspx?lan=1&art=9&fed=USA&turdet=YES&flag=30&snr=12
lets_check,5th Vergani Cup Jan 2021,8,62,http://view.chessbase.com/cbreader/2022/9/9/Game141087437.html,http://chess-results.com/tnr532844.aspx?lan=1&art=9&fed=USA&turdet=YES&flag=30&snr=12
lets_check,Paracin Winter GM 2021,2,62,http://view.chessbase.com/cbreader/2022/9/10/Game146752531.html,http://chess-results.com/tnr538966.aspx?lan=1&art=9&fed=USA&turdet=YES&flag=30&snr=4
lets_check,Paracin Winter GM 2021,3,83,http://view.chessbase.com/cbreader/2022/9/10/Game146752531.html,http://chess-results.com/tnr538966.aspx?lan=1&art=9&fed=USA&turdet=YES&flag=30&snr=4
lets_check,Paracin Winter GM 2021,4,69,http://view.chessbase.com/cbreader/2022/9/10/Game146752531.html,http://chess-results.com/tnr538966.aspx?lan=1&art=9&fed=USA&turdet=YES&flag=30&snr=4
lets_check,Paracin Winter GM 2021,5,71,http://view.chessbase.com/cbreader/2022/9/10/Game146752531.html,http://chess-results.com/tnr538966.aspx?lan=1&art=9&fed=USA&turdet=YES&flag=30&snr=4
lets_check,Paracin Winter GM 2021,6,38,http://view.chessbase.com/cbreader/2022/9/10/Game146752531.html,http://chess-results.com/tnr538966.aspx?lan=1&art=9&fed=USA&turdet=YES&flag=30&snr=4
lets_check,Paracin Winter GM 2021,7,90,http://view.chessbase.com/cbreader/2022/9/10/Game146752531.html,http://chess-results.com/tnr538966.aspx?lan=1&art=9&fed=USA&turdet=YES&flag=30&snr=4
lets_check,Paracin Winter GM 2021,9,56,http://view.chessbase.com/cbreader/2022/9/10/Game146752531.html,http://chess-results.com/tnr538966.aspx?lan=1&art=9&fed=USA&turdet=YES&flag=30&snr=4
lets_check,Paracin Orbis 1 GM 202,1,96,http://view.chessbase.com/cbreader/2022/9/10/Game152550390.html,http://chess-results.com/tnr538971.aspx?lan=1&art=9&fed=USA&turdet=YES&flag=30&snr=1
lets_check,Paracin Orbis 1 GM 202,2,68,http://view.chessbase.com/cbreader/2022/9/10/Game152550390.html,http://chess-results.com/tnr538971.aspx?lan=1&art=9&fed=USA&turdet=YES&flag=30&snr=1
lets_check,Paracin Orbis 1 GM 202,3,79,http://view.chessbase.com/cbreader/2022/9/10/Game152550390.html,http://chess-results.com/tnr538971.aspx?lan=1&art=9&fed=USA&turdet=YES&flag=30&snr=1
lets_check,Paracin Orbis 1 GM 202,4,97,http://view.chessbase.com/cbreader/2022/9/10/Game152550390.html,http://chess-results.com/tnr538971.aspx?lan=1&art=9&fed=USA&turdet=YES&flag=30&snr=1
lets_check,Paracin Orbis 1 GM 202,5,61,http://view.chessbase.com/cbreader/2022/9/10/Game152550390.html,http://chess-results.com/tnr538971.aspx?lan=1&art=9&fed=USA&turdet=YES&flag=30&snr=1
lets_check,Paracin Orbis 1 GM 202,6,49,http://view.chessbase.com/cbreader/2022/9/10/Game152550390.html,http://chess-results.com/tnr538971.aspx?lan=1&art=9&fed=USA&turdet=YES&flag=30&snr=1
lets_check,Paracin Orbis 1 GM 202,7,49,http://view.chessbase.com/cbreader/2022/9/10/Game152550390.html,http://chess-results.com/tnr538971.aspx?lan=1&art=9&fed=USA&turdet=YES&flag=30&snr=1
lets_check,Paracin Orbis 1 GM 202,8,44,http://view.chessbase.com/cbreader/2022/9/10/Game152550390.html,http://chess-results.com/tnr538971.aspx?lan=1&art=9&fed=USA&turdet=YES&flag=30&snr=1
lets_check,Paracin Orbis 1 GM 202,9,66,http://view.chessbase.com/cbreader/2022/9/10/Game152550390.html,http://chess-results.com/tnr538971.aspx?lan=1&art=9&fed=USA&turdet=YES&flag=30&snr=1
lets_check,RADNICKICHESS T2R-GM 2021,1,17,http://view.chessbase.com/cbreader/2022/10/6/Game422416703.html,http://chess-results.com/tnr546243.aspx?lan=1&art=9&fed=USA&turdet=YES&flag=30&snr=8
lets_check,RADNICKICHESS T2R-GM 2021,2,75,http://view.chessbase.com/cbreader/2022/10/6/Game422416703.html,http://chess-results.com/tnr546243.aspx?lan=1&art=9&fed=USA&turdet=YES&flag=30&snr=8
lets_check,RADNICKICHESS T2R-GM 2021,3,60,http://view.chessbase.com/cbreader/2022/10/6/Game422416703.html,http://chess-results.com/tnr546243.aspx?lan=1&art=9&fed=USA&turdet=YES&flag=30&snr=8
lets_check,RADNICKICHESS T2R-GM 2021,4,61,http://view.chessbase.com/cbreader/2022/10/6/Game422416703.html,http://chess-results.com/tnr546243.aspx?lan=1&art=9&fed=USA&turdet=YES&flag=30&snr=8
lets_check,RADNICKICHESS T2R-GM 2021,6,65,http://view.chessbase.com/cbreader/2022/10/6/Game422416703.html,http://chess-results.com/tnr546243.aspx?lan=1&art=9&fed=USA&turdet=YES&flag=30&snr=8
lets_check,RADNICKICHESS T2R-GM 2021,7,38,http://view.chessbase.com/cbreader/2022/10/6/Game422416703.html,http://chess-results.com/tnr546243.aspx?lan=1&art=9&fed=USA&turdet=YES&flag=30&snr=8
lets_check,Third Sat Mix 157 2021,1,98,http://view.chessbase.com/cbreader/2022/9/10/Game228875953.html,http://chess-results.com/tnr544435.aspx?lan=1&art=9&fed=USA&turdet=YES&flag=30&snr=3
lets_check,Third Sat Mix 157 2021,2,71,http://view.chessbase.com/cbreader/2022/9/10/Game228875953.html,http://chess-results.com/tnr544435.aspx?lan=1&art=9&fed=USA&turdet=YES&flag=30&snr=3
lets_check,Third Sat Mix 157 2021,3,93,http://view.chessbase.com/cbreader/2022/9/10/Game228875953.html,http://chess-results.com/tnr544435.aspx?lan=1&art=9&fed=USA&turdet=YES&flag=30&snr=3
lets_check,Third Sat Mix 157 2021,4,55,http://view.chessbase.com/cbreader/2022/9/10/Game228875953.html,http://chess-results.com/tnr544435.aspx?lan=1&art=9&fed=USA&turdet=YES&flag=30&snr=3
lets_check,Third Sat Mix 157 2021,5,92,http://view.chessbase.com/cbreader/2022/9/10/Game228875953.html,http://chess-results.com/tnr544435.aspx?lan=1&art=9&fed=USA&turdet=YES&flag=30&snr=3
lets_check,Third Sat Mix 157 2021,6,59,http://view.chessbase.com/cbreader/2022/9/10/Game228875953.html,http://chess-results.com/tnr544435.aspx?lan=1&art=9&fed=USA&turdet=YES&flag=30&snr=3
lets_check,Third Sat Mix 157 2021,7,42,http://view.chessbase.com/cbreader/2022/9/10/Game228875953.html,http://chess-results.com/tnr544435.aspx?lan=1&art=9&fed=USA&turdet=YES&flag=30&snr=3
lets_check,Third Sat Mix 157 2021,8,48,http://view.chessbase.com/cbreader/2022/9/10/Game228875953.html,http://chess-results.com/tnr544435.aspx?lan=1&art=9&fed=USA&turdet=YES&flag=30&snr=3
lets_check,Third Sat Mix 157 2021,9,55,http://view.chessbase.com/cbreader/2022/9/10/Game228875953.html,http://chess-results.com/tnr544435.aspx?lan=1&art=9&fed=USA&turdet=YES&flag=30&snr=3
lets_check,1st Spring Weekend 2021,1,74,http://view.chessbase.com/cbreader/2022/9/10/Game229355843.html,https://theweekinchess.com/html/twic1375.html
lets_check,1st Spring Weekend 2021,2,43,http://view.chessbase.com/cbreader/2022/9/10/Game229355843.html,https://theweekinchess.com/html/twic1375.html
lets_check,1st Spring Weekend 2021,3,78,http://view.chessbase.com/cbreader/2022/9/10/Game229355843.html,https://theweekinchess.com/html/twic1375.html
lets_check,1st Spring Weekend 2021,4,59,http://view.chessbase.com/cbreader/2022/9/10/Game229355843.html,https://theweekinchess.com/html/twic1375.html
lets_check,1st Spring Weekend 2021,5,75,http://view.chessbase.com/cbreader/2022/9/10/Game229355843.html,https://theweekinchess.com/html/twic1375.html
lets_check,First GM Mix Bassano 2021,1,60,http://view.chessbase.com/cbreader/2022/9/10/Game229978921.html,http://chess-results.com/tnr546467.aspx?lan=1&art=9&fed=USA&turdet=YES&flag=30&snr=1
lets_check,First GM Mix Bassano 2021,2,50,http://view.chessbase.com/cbreader/2022/9/10/Game229978921.html,http://chess-results.com/tnr546467.aspx?lan=1&art=9&fed=USA&turdet=YES&flag=30&snr=1
lets_check,First GM Mix Bassano 2021,3,87,http://view.chessbase.com/cbreader/2022/9/10/Game229978921.html,http://chess-results.com/tnr546467.aspx?lan=1&art=9&fed=USA&turdet=YES&flag=30&snr=1
lets_check,First GM Mix Bassano 2021,4,85,http://view.chessbase.com/cbreader/2022/9/10/Game229978921.html,http://chess-results.com/tnr546467.aspx?lan=1&art=9&fed=USA&turdet=YES&flag=30&snr=1
lets_check,First GM Mix Bassano 2021,5,100,http://view.chessbase.com/cbreader/2022/9/10/Game229978921.html,http://chess-results.com/tnr546467.aspx?lan=1&art=9&fed=USA&turdet=YES&flag=30&snr=1
lets_check,First GM Mix Bassano 2021,6,79,http://view.chessbase.com/cbreader/2022/9/10/Game229978921.html,http://chess-results.com/tnr546467.aspx?lan=1&art=9&fed=USA&turdet=YES&flag=30&snr=1
lets_check,First GM Mix Bassano 2021,7,42,http://view.chessbase.com/cbreader/2022/9/10/Game229978921.html,http://chess-results.com/tnr546467.aspx?lan=1&art=9&fed=USA&turdet=YES&flag=30&snr=1
lets_check,First GM Mix Bassano 2021,8,49,http://view.chessbase.com/cbreader/2022/9/10/Game229978921.html,http://chess-results.com/tnr546467.aspx?lan=1&art=9&fed=USA&turdet=YES&flag=30&snr=1
lets_check,2nd GM Mix Bassano 2021,1,76,http://view.chessbase.com/cbreader/2022/9/10/Game230190625.html,https://theweekinchess.com/html/twic1377.html
lets_check,2nd GM Mix Bassano 2021,2,63,http://view.chessbase.com/cbreader/2022/9/10/Game230190625.html,https://theweekinchess.com/html/twic1377.html
lets_check,2nd GM Mix Bassano 2021,3,42,http://view.chessbase.com/cbreader/2022/9/10/Game230190625.html,https://theweekinchess.com/html/twic1377.html
lets_check,2nd GM Mix Bassano 2021,4,45,http://view.chessbase.com/cbreader/2022/9/10/Game230190625.html,https://theweekinchess.com/html/twic1377.html
lets_check,2nd GM Mix Bassano 2021,5,76,http://view.chessbase.com/cbreader/2022/9/10/Game230190625.html,https://theweekinchess.com/html/twic1377.html
lets_check,2nd GM Mix Bassano 2021,6,66,http://view.chessbase.com/cbreader/2022/9/10/Game230190625.html,https://theweekinchess.com/html/twic1377.html
lets_check,2nd GM Mix Bassano 2021,7,66,http://view.chessbase.com/cbreader/2022/9/10/Game230190625.html,https://theweekinchess.com/html/twic1377.html
lets_check,2nd GM Mix Bassano 2021,8,60,http://view.chessbase.com/cbreader/2022/9/10/Game230190625.html,https://theweekinchess.com/html/twic1377.html
lets_check,2nd GM Mix Bassano 2021,9,61,http://view.chessbase.com/cbreader/2022/9/10/Game230190625.html,https://theweekinchess.com/html/twic1377.html
lets_check,1st Easter Bassano Open A,1,54,http://view.chessbase.com/cbreader/2022/9/10/Game230421437.html,http://chess-results.com/tnr554339.aspx?lan=1&art=9&fed=USA&flag=30&snr=9
lets_check,1st Easter Bassano Open A,2,54,http://view.chessbase.com/cbreader/2022/9/10/Game230421437.html,http://chess-results.com/tnr554339.aspx?lan=1&art=9&fed=USA&flag=30&snr=9
lets_check,1st Easter Bassano Open A,3,68,http://view.chessbase.com/cbreader/2022/9/10/Game230421437.html,http://chess-results.com/tnr554339.aspx?lan=1&art=9&fed=USA&flag=30&snr=9
lets_check,1st Easter Bassano Open A,5,60,http://view.chessbase.com/cbreader/2022/9/10/Game230421437.html,http://chess-results.com/tnr554339.aspx?lan=1&art=9&fed=USA&flag=30&snr=9
lets_check,1st Easter Bassano Open A,6,70,http://view.chessbase.com/cbreader/2022/9/10/Game230421437.html,http://chess-results.com/tnr554339.aspx?lan=1&art=9&fed=USA&flag=30&snr=9
lets_check,1st Easter Bassano Open A,7,91,http://view.chessbase.com/cbreader/2022/9/10/Game230421437.html,http://chess-results.com/tnr554339.aspx?lan=1&art=9&fed=USA&flag=30&snr=9
lets_check,1st Easter Bassano Open A,8,69,http://view.chessbase.com/cbreader/2022/9/10/Game230421437.html,http://chess-results.com/tnr554339.aspx?lan=1&art=9&fed=USA&flag=30&snr=9
lets_check,1st Easter Bassano Open A,9,49,http://view.chessbase.com/cbreader/2022/9/10/Game230421437.html,http://chess-results.com/tnr554339.aspx?lan=1&art=9&fed=USA&flag=30&snr=9
lets_check,Third Sat Mix 200 2021,2,70,http://view.chessbase.com/cbreader/2022/9/10/Game230669828.html,http://chess-results.com/tnr549890.aspx?lan=1&art=9&fed=USA&turdet=YES&flag=30&snr=4
lets_check,Third Sat Mix 200 2021,3,66,http://view.chessbase.com/cbreader/2022/9/10/Game230669828.html,http://chess-results.com/tnr549890.aspx?lan=1&art=9&fed=USA&turdet=YES&flag=30&snr=4
lets_check,Third Sat Mix 200 2021,4,51,http://view.chessbase.com/cbreader/2022/9/10/Game230669828.html,http://chess-results.com/tnr549890.aspx?lan=1&art=9&fed=USA&turdet=YES&flag=30&snr=4
lets_check,Third Sat Mix 200 2021,5,62,http://view.chessbase.com/cbreader/2022/9/10/Game230669828.html,http://chess-results.com/tnr549890.aspx?lan=1&art=9&fed=USA&turdet=YES&flag=30&snr=4
lets_check,Third Sat Mix 200 2021,6,98,http://view.chessbase.com/cbreader/2022/9/10/Game230669828.html,http://chess-results.com/tnr549890.aspx?lan=1&art=9&fed=USA&turdet=YES&flag=30&snr=4
lets_check,Third Sat Mix 200 2021,7,80,http://view.chessbase.com/cbreader/2022/9/10/Game230669828.html,http://chess-results.com/tnr549890.aspx?lan=1&art=9&fed=USA&turdet=YES&flag=30&snr=4
lets_check,Third Sat Mix 200 2021,8,72,http://view.chessbase.com/cbreader/2022/9/10/Game230669828.html,http://chess-results.com/tnr549890.aspx?lan=1&art=9&fed=USA&turdet=YES&flag=30&snr=4
lets_check,Third Sat Mix 200 2021,9,95,http://view.chessbase.com/cbreader/2022/9/10/Game230669828.html,http://chess-results.com/tnr549890.aspx?lan=1&art=9&fed=USA&turdet=YES&flag=30&snr=4
lets_check,Vladimir Bato Kontic Mem,1,48,http://view.chessbase.com/cbreader/2022/9/10/Game231630218.html,http://chess-results.com/tnr554141.aspx?lan=1&art=9&fed=USA&turdet=YES&flag=30&snr=7
lets_check,Vladimir Bato Kontic Mem,2,52,http://view.chessbase.com/cbreader/2022/9/10/Game231630218.html,http://chess-results.com/tnr554141.aspx?lan=1&art=9&fed=USA&turdet=YES&flag=30&snr=7
lets_check,Vladimir Bato Kontic Mem,3,52,http://view.chessbase.com/cbreader/2022/9/10/Game231630218.html,http://chess-results.com/tnr554141.aspx?lan=1&art=9&fed=USA&turdet=YES&flag=30&snr=7
lets_check,Vladimir Bato Kontic Mem,4,53,http://view.chessbase.com/cbreader/2022/9/10/Game231630218.html,http://chess-results.com/tnr554141.aspx?lan=1&art=9&fed=USA&turdet=YES&flag=30&snr=7
lets_check,Vladimir Bato Kontic Mem,5,79,http://view.chessbase.com/cbreader/2022/9/10/Game231630218.html,http://chess-results.com/tnr554141.aspx?lan=1&art=9&fed=USA&turdet=YES&flag=30&snr=7
lets_check,Vladimir Bato Kontic Mem,6,73,http://view.chessbase.com/cbreader/2022/9/10/Game231630218.html,http://chess-results.com/tnr554141.aspx?lan=1&art=9&fed=USA&turdet=YES&flag=30&snr=7
lets_check,Vladimir Bato Kontic Mem,7,69,http://view.chessbase.com/cbreader/2022/9/10/Game231630218.html,http://chess-results.com/tnr554141.aspx?lan=1&art=9&fed=USA&turdet=YES&flag=30&snr=7
lets_check,Vladimir Bato Kontic Mem,8,82,http://view.chessbase.com/cbreader/2022/9/10/Game231630218.html,http://chess-results.com/tnr554141.aspx?lan=1&art=9&fed=USA&turdet=YES&flag=30&snr=7
lets_check,Niksic Mem 2021,1,73,http://view.chessbase.com/cbreader/2022/9/10/Game232061187.html,http://chess-results.com/tnr554142.aspx?lan=1&art=9&fed=USA&turdet=YES&flag=30&snr=4
lets_check,Niksic Mem 2021,2,79,http://view.chessbase.com/cbreader/2022/9/10/Game232061187.html,http://chess-results.com/tnr554142.aspx?lan=1&art=9&fed=USA&turdet=YES&flag=30&snr=4
lets_check,Niksic Mem 2021,3,75,http://view.chessbase.com/cbreader/2022/9/10/Game232061187.html,http://chess-results.com/tnr554142.aspx?lan=1&art=9&fed=USA&turdet=YES&flag=30&snr=4
lets_check,Niksic Mem 2021,4,52,http://view.chessbase.com/cbreader/2022/9/10/Game232061187.html,http://chess-results.com/tnr554142.aspx?lan=1&art=9&fed=USA&turdet=YES&flag=30&snr=4
lets_check,Niksic Mem 2021,5,58,http://view.chessbase.com/cbreader/2022/9/10/Game232061187.html,http://chess-results.com/tnr554142.aspx?lan=1&art=9&fed=USA&turdet=YES&flag=30&snr=4
lets_check,Niksic Mem 2021,6,89,http://view.chessbase.com/cbreader/2022/9/10/Game232061187.html,http://chess-results.com/tnr554142.aspx?lan=1&art=9&fed=USA&turdet=YES&flag=30&snr=4
lets_check,Niksic Mem 2021,7,50,http://view.chessbase.com/cbreader/2022/9/10/Game232061187.html,http://chess-results.com/tnr554142.aspx?lan=1&art=9&fed=USA&turdet=YES&flag=30&snr=4
lets_check,Niksic Mem 2021,8,59,http://view.chessbase.com/cbreader/2022/9/10/Game232061187.html,http://chess-results.com/tnr554142.aspx?lan=1&art=9&fed=USA&turdet=YES&flag=30&snr=4
lets_check,Niksic Mem 2021,9,59,http://view.chessbase.com/cbreader/2022/9/10/Game232061187.html,http://chess-results.com/tnr554142.aspx?lan=1&art=9&fed=USA&turdet=YES&flag=30&snr=4
lets_check,National Open 2021,1,51,http://view.chessbase.com/cbreader/2022/9/10/Game232489765.html,https://theweekinchess.com/html/twic1389.html
lets_check,National Open 2021,2,89,http://view.chessbase.com/cbreader/2022/9/10/Game232489765.html,https://theweekinchess.com/html/twic1389.html
lets_check,National Open 2021,3,80,http://view.chessbase.com/cbreader/2022/9/10/Game232489765.html,https://theweekinchess.com/html/twic1389.html
lets_check,National Open 2021,4,88,http://view.chessbase.com/cbreader/2022/9/10/Game232489765.html,https://theweekinchess.com/html/twic1389.html
lets_check,National Open 2021,5,83,http://view.chessbase.com/cbreader/2022/9/10/Game232489765.html,https://theweekinchess.com/html/twic1389.html
lets_check,National Open 2021,6,47,http://view.chessbase.com/cbreader/2022/9/10/Game232489765.html,https://theweekinchess.com/html/twic1389.html
lets_check,National Open 2021,7,26,http://view.chessbase.com/cbreader/2022/9/10/Game232489765.html,https://theweekinchess.com/html/twic1389.html
lets_check,National Open 2021,8,77,http://view.chessbase.com/cbreader/2022/9/10/Game232489765.html,https://theweekinchess.com/html/twic1389.html
lets_check,National Open 2021,9,30,http://view.chessbase.com/cbreader/2022/9/10/Game232489765.html,https://theweekinchess.com/html/twic1389.html
lets_check,14th Philadelphia Int,1,100,http://view.chessbase.com/cbreader/2022/9/11/Game232837921.html,https://theweekinchess.com/html/twic1391.html
lets_check,14th Philadelphia Int,2,54,http://view.chessbase.com/cbreader/2022/9/11/Game232837921.html,https://theweekinchess.com/html/twic1391.html
lets_check,14th Philadelphia Int,3,78,http://view.chessbase.com/cbreader/2022/9/11/Game232837921.html,https://theweekinchess.com/html/twic1391.html
lets_check,14th Philadelphia Int,4,62,http://view.chessbase.com/cbreader/2022/9/11/Game232837921.html,https://theweekinchess.com/html/twic1391.html
lets_check,14th Philadelphia Int,5,51,http://view.chessbase.com/cbreader/2022/9/11/Game232837921.html,https://theweekinchess.com/html/twic1391.html
lets_check,14th Philadelphia Int,6,73,http://view.chessbase.com/cbreader/2022/9/11/Game232837921.html,https://theweekinchess.com/html/twic1391.html
lets_check,14th Philadelphia Int,7,72,http://view.chessbase.com/cbreader/2022/9/11/Game232837921.html,https://theweekinchess.com/html/twic1391.html
lets_check,14th Philadelphia Int,9,69,http://view.chessbase.com/cbreader/2022/9/11/Game232837921.html,https://theweekinchess.com/html/twic1391.html
lets_check,49th Annual World Open,2,74,http://view.chessbase.com/cbreader/2022/9/11/Game233549765.html,https://theweekinchess.com/html/twic1391.html
lets_check,49th Annual World Open,3,63,http://view.chessbase.com/cbreader/2022/9/11/Game233549765.html,https://theweekinchess.com/html/twic1391.html
lets_check,49th Annual World Open,4,92,http://view.chessbase.com/cbreader/2022/9/11/Game233549765.html,https://theweekinchess.com/html/twic1391.html
lets_check,49th Annual World Open,5,67,http://view.chessbase.com/cbreader/2022/9/11/Game233549765.html,https://theweekinchess.com/html/twic1391.html
lets_check,49th Annual World Open,8,60,http://view.chessbase.com/cbreader/2022/9/11/Game233549765.html,https://theweekinchess.com/html/twic1391.html
lets_check,49th Annual World Open,9,67,http://view.chessbase.com/cbreader/2022/9/11/Game233549765.html,https://theweekinchess.com/html/twic1391.html
lets_check,49th Annual World Open,10,69,http://view.chessbase.com/cbreader/2022/9/11/Game233549765.html,https://theweekinchess.com/html/twic1391.html
lets_check,ch-USA Junior 2021,1,68,http://view.chessbase.com/cbreader/2022/9/25/Game36454562.html,https://theweekinchess.com/html/twic1394.html
lets_check,ch-USA Junior 2021,2,56,http://view.chessbase.com/cbreader/2022/9/25/Game36454562.html,https://theweekinchess.com/html/twic1394.html
lets_check,ch-USA Junior 2021,3,98,http://view.chessbase.com/cbreader/2022/9/25/Game36454562.html,https://theweekinchess.com/html/twic1394.html
lets_check,ch-USA Junior 2021,4,81,http://view.chessbase.com/cbreader/2022/9/25/Game36454562.html,https://theweekinchess.com/html/twic1394.html
lets_check,ch-USA Junior 2021,5,80,http://view.chessbase.com/cbreader/2022/9/25/Game36454562.html,https://theweekinchess.com/html/twic1394.html
lets_check,ch-USA Junior 2021,6,100,http://view.chessbase.com/cbreader/2022/9/25/Game36454562.html,https://theweekinchess.com/html/twic1394.html
lets_check,ch-USA Junior 2021,7,85,http://view.chessbase.com/cbreader/2022/9/25/Game36454562.html,https://theweekinchess.com/html/twic1394.html
lets_check,ch-USA Junior 2021,8,67,http://view.chessbase.com/cbreader/2022/9/25/Game36454562.html,https://theweekinchess.com/html/twic1394.html
lets_check,ch-USA Junior 2021,9,72,http://view.chessbase.com/cbreader/2022/9/25/Game36454562.html,https://theweekinchess.com/html/twic1394.html
lets_check,121st US Open 2021,1,71,http://view.chessbase.com/cbreader/2022/9/25/Game36473968.html,https://theweekinchess.com/html/twic1396.html
lets_check,121st US Open 2021,2,80,http://view.chessbase.com/cbreader/2022/9/25/Game36473968.html,https://theweekinchess.com/html/twic1396.html
lets_check,121st US Open 2021,3,72,http://view.chessbase.com/cbreader/2022/9/25/Game36473968.html,https://theweekinchess.com/html/twic1396.html
lets_check,121st US Open 2021,4,97,http://view.chessbase.com/cbreader/2022/9/25/Game36473968.html,https://theweekinchess.com/html/twic1396.html
lets_check,121st US Open 2021,5,86,http://view.chessbase.com/cbreader/2022/9/25/Game36473968.html,https://theweekinchess.com/html/twic1396.html
lets_check,121st US Open 2021,7,64,http://view.chessbase.com/cbreader/2022/9/25/Game36473968.html,https://theweekinchess.com/html/twic1396.html
lets_check,121st US Open 2021,9,84,http://view.chessbase.com/cbreader/2022/9/25/Game36473968.html,https://theweekinchess.com/html/twic1396.html
lets_check,2nd Tras-os-Montes Open,1,78,http://view.chessbase.com/cbreader/2022/9/25/Game36484296.html,http://chess-results.com/tnr560184.aspx?lan=1&art=9&fed=USA&turdet=YES&flag=30&snr=2
lets_check,2nd Tras-os-Montes Open,2,43,http://view.chessbase.com/cbreader/2022/9/25/Game36484296.html,http://chess-results.com/tnr560184.aspx?lan=1&art=9&fed=USA&turdet=YES&flag=30&snr=2
lets_check,2nd Tras-os-Montes Open,4,63,http://view.chessbase.com/cbreader/2022/9/25/Game36484296.html,http://chess-results.com/tnr560184.aspx?lan=1&art=9&fed=USA&turdet=YES&flag=30&snr=2
lets_check,2nd Tras-os-Montes Open,5,71,http://view.chessbase.com/cbreader/2022/9/25/Game36484296.html,http://chess-results.com/tnr560184.aspx?lan=1&art=9&fed=USA&turdet=YES&flag=30&snr=2
lets_check,2nd Tras-os-Montes Open,7,100,http://view.chessbase.com/cbreader/2022/9/25/Game36484296.html,http://chess-results.com/tnr560184.aspx?lan=1&art=9&fed=USA&turdet=YES&flag=30&snr=2
lets_check,2nd Tras-os-Montes Open,8,67,http://view.chessbase.com/cbreader/2022/9/25/Game36484296.html,http://chess-results.com/tnr560184.aspx?lan=1&art=9&fed=USA&turdet=YES&flag=30&snr=2
lets_check,2nd Tras-os-Montes Open,9,58,http://view.chessbase.com/cbreader/2022/9/25/Game36484296.html,http://chess-results.com/tnr560184.aspx?lan=1&art=9&fed=USA&turdet=YES&flag=30&snr=2
lets_check,Guimaraes Open 2021,3,89,http://view.chessbase.com/cbreader/2022/9/25/Game36495000.html,http://chess-results.com/tnr549364.aspx?lan=1&art=9&fed=USA&turdet=YES&flag=30&snr=2
lets_check,Guimaraes Open 2021,4,63,http://view.chessbase.com/cbreader/2022/9/25/Game36495000.html,http://chess-results.com/tnr549364.aspx?lan=1&art=9&fed=USA&turdet=YES&flag=30&snr=2
lets_check,Guimaraes Open 2021,5,62,http://view.chessbase.com/cbreader/2022/9/25/Game36495000.html,http://chess-results.com/tnr549364.aspx?lan=1&art=9&fed=USA&turdet=YES&flag=30&snr=2
lets_check,Guimaraes Open 2021,6,61,http://view.chessbase.com/cbreader/2022/9/25/Game36495000.html,http://chess-results.com/tnr549364.aspx?lan=1&art=9&fed=USA&turdet=YES&flag=30&snr=2
lets_check,Guimaraes Open 2021,7,59,http://view.chessbase.com/cbreader/2022/9/25/Game36495000.html,http://chess-results.com/tnr549364.aspx?lan=1&art=9&fed=USA&turdet=YES&flag=30&snr=2
lets_check,Guimaraes Open 2021,8,56,http://view.chessbase.com/cbreader/2022/9/25/Game36495000.html,http://chess-results.com/tnr549364.aspx?lan=1&art=9&fed=USA&turdet=YES&flag=30&snr=2
lets_check,Guimaraes Open 2021,9,50,http://view.chessbase.com/cbreader/2022/9/25/Game36495000.html,http://chess-results.com/tnr549364.aspx?lan=1&art=9&fed=USA&turdet=YES&flag=30&snr=2
lets_check,TCh-SRB Premier 2021,1,80,http://view.chessbase.com/cbreader/2022/9/25/Game36505218.html,http://chess-results.com/tnr575389.aspx?lan=1&art=9&turdet=YES&snr=35
lets_check,TCh-SRB Premier 2021,2,81,http://view.chessbase.com/cbreader/2022/9/25/Game36505218.html,http://chess-results.com/tnr575389.aspx?lan=1&art=9&turdet=YES&snr=35
lets_check,TCh-SRB Premier 2021,3,56,http://view.chessbase.com/cbreader/2022/9/25/Game36505218.html,http://chess-results.com/tnr575389.aspx?lan=1&art=9&turdet=YES&snr=35
lets_check,TCh-SRB Premier 2021,4,52,http://view.chessbase.com/cbreader/2022/9/25/Game36505218.html,http://chess-results.com/tnr575389.aspx?lan=1&art=9&turdet=YES&snr=35
lets_check,TCh-SRB Premier 2021,5,77,http://view.chessbase.com/cbreader/2022/9/25/Game36505218.html,http://chess-results.com/tnr575389.aspx?lan=1&art=9&turdet=YES&snr=35
lets_check,TCh-SRB Premier 2021,6,64,http://view.chessbase.com/cbreader/2022/9/25/Game36505218.html,http://chess-results.com/tnr575389.aspx?lan=1&art=9&turdet=YES&snr=35
lets_check,TCh-SRB Premier 2021,7,67,http://view.chessbase.com/cbreader/2022/9/25/Game36505218.html,http://chess-results.com/tnr575389.aspx?lan=1&art=9&turdet=YES&snr=35
lets_check,TCh-SRB Premier 2021,8,42,http://view.chessbase.com/cbreader/2022/9/25/Game36505218.html,http://chess-results.com/tnr575389.aspx?lan=1&art=9&turdet=YES&snr=35
lets_check,TCh-SRB Premier 2021,9,82,http://view.chessbase.com/cbreader/2022/9/25/Game36505218.html,http://chess-results.com/tnr575389.aspx?lan=1&art=9&turdet=YES&snr=35
lets_check,TCh-SRB Premier 2021,10,72,http://view.chessbase.com/cbreader/2022/9/25/Game36505218.html,http://chess-results.com/tnr575389.aspx?lan=1&art=9&turdet=YES&snr=35
lets_check,TCh-SRB Premier 2021,11,73,http://view.chessbase.com/cbreader/2022/9/25/Game36505218.html,http://chess-results.com/tnr575389.aspx?lan=1&art=9&turdet=YES&snr=35
lets_check,4th Sharjah Masters 2021,2,100,http://view.chessbase.com/cbreader/2022/9/25/Game36514453.html,http://chess-results.com/tnr579252.aspx?lan=1&art=9&fed=USA&flag=30&snr=25
lets_check,4th Sharjah Masters 2021,3,40,http://view.chessbase.com/cbreader/2022/9/25/Game36514453.html,http://chess-results.com/tnr579252.aspx?lan=1&art=9&fed=USA&flag=30&snr=25
lets_check,4th Sharjah Masters 2021,4,83,http://view.chessbase.com/cbreader/2022/9/25/Game36514453.html,http://chess-results.com/tnr579252.aspx?lan=1&art=9&fed=USA&flag=30&snr=25
lets_check,4th Sharjah Masters 2021,5,51,http://view.chessbase.com/cbreader/2022/9/25/Game36514453.html,http://chess-results.com/tnr579252.aspx?lan=1&art=9&fed=USA&flag=30&snr=25
lets_check,4th Sharjah Masters 2021,6,67,http://view.chessbase.com/cbreader/2022/9/25/Game36514453.html,http://chess-results.com/tnr579252.aspx?lan=1&art=9&fed=USA&flag=30&snr=25
lets_check,4th Sharjah Masters 2021,7,54,http://view.chessbase.com/cbreader/2022/9/25/Game36514453.html,http://chess-results.com/tnr579252.aspx?lan=1&art=9&fed=USA&flag=30&snr=25
lets_check,4th Sharjah Masters 2021,8,56,http://view.chessbase.com/cbreader/2022/9/25/Game36514453.html,http://chess-results.com/tnr579252.aspx?lan=1&art=9&fed=USA&flag=30&snr=25
lets_check,4th Sharjah Masters 2021,9,76,http://view.chessbase.com/cbreader/2022/9/25/Game36514453.html,http://chess-results.com/tnr579252.aspx?lan=1&art=9&fed=USA&flag=30&snr=25
lets_check,Junior U21 Round Table Op,1,71,http://view.chessbase.com/cbreader/2022/9/25/Game36526765.html,http://chess-results.com/tnr571844.aspx?lan=1&art=9&fed=USA&flag=30&snr=4
lets_check,Junior U21 Round Table Op,2,54,http://view.chessbase.com/cbreader/2022/9/25/Game36526765.html,http://chess-results.com/tnr571844.aspx?lan=1&art=9&fed=USA&flag=30&snr=4
lets_check,Junior U21 Round Table Op,3,77,http://view.chessbase.com/cbreader/2022/9/25/Game36526765.html,http://chess-results.com/tnr571844.aspx?lan=1&art=9&fed=USA&flag=30&snr=4
lets_check,Junior U21 Round Table Op,4,54,http://view.chessbase.com/cbreader/2022/9/25/Game36526765.html,http://chess-results.com/tnr571844.aspx?lan=1&art=9&fed=USA&flag=30&snr=4
lets_check,Junior U21 Round Table Op,5,64,http://view.chessbase.com/cbreader/2022/9/25/Game36526765.html,http://chess-results.com/tnr571844.aspx?lan=1&art=9&fed=USA&flag=30&snr=4
lets_check,Junior U21 Round Table Op,6,80,http://view.chessbase.com/cbreader/2022/9/25/Game36526765.html,http://chess-results.com/tnr571844.aspx?lan=1&art=9&fed=USA&flag=30&snr=4
lets_check,Junior U21 Round Table Op,7,68,http://view.chessbase.com/cbreader/2022/9/25/Game36526765.html,http://chess-results.com/tnr571844.aspx?lan=1&art=9&fed=USA&flag=30&snr=4
lets_check,Junior U21 Round Table Op,8,62,http://view.chessbase.com/cbreader/2022/9/25/Game36526765.html,http://chess-results.com/tnr571844.aspx?lan=1&art=9&fed=USA&flag=30&snr=4
lets_check,Junior U21 Round Table Op,9,65,http://view.chessbase.com/cbreader/2022/9/25/Game36526765.html,http://chess-results.com/tnr571844.aspx?lan=1&art=9&fed=USA&flag=30&snr=4
lets_check,FIDE Grand Swiss 2021,1,78,http://view.chessbase.com/cbreader/2022/9/25/Game36535562.html,http://chess-results.com/tnr587230.aspx?lan=1&art=9&fed=USA&flag=30&snr=58
lets_check,FIDE Grand Swiss 2021,2,51,http://view.chessbase.com/cbreader/2022/9/25/Game36535562.html,http://chess-results.com/tnr587230.aspx?lan=1&art=9&fed=USA&flag=30&snr=58
lets_check,FIDE Grand Swiss 2021,3,72,http://view.chessbase.com/cbreader/2022/9/25/Game36535562.html,http://chess-results.com/tnr587230.aspx?lan=1&art=9&fed=USA&flag=30&snr=58
lets_check,FIDE Grand Swiss 2021,4,74,http://view.chessbase.com/cbreader/2022/9/25/Game36535562.html,http://chess-results.com/tnr587230.aspx?lan=1&art=9&fed=USA&flag=30&snr=58
lets_check,FIDE Grand Swiss 2021,5,79,http://view.chessbase.com/cbreader/2022/9/25/Game36535562.html,http://chess-results.com/tnr587230.aspx?lan=1&art=9&fed=USA&flag=30&snr=58
lets_check,FIDE Grand Swiss 2021,6,70,http://view.chessbase.com/cbreader/2022/9/25/Game36535562.html,http://chess-results.com/tnr587230.aspx?lan=1&art=9&fed=USA&flag=30&snr=58
lets_check,FIDE Grand Swiss 2021,7,84,http://view.chessbase.com/cbreader/2022/9/25/Game36535562.html,http://chess-results.com/tnr587230.aspx?lan=1&art=9&fed=USA&flag=30&snr=58
lets_check,FIDE Grand Swiss 2021,8,83,http://view.chessbase.com/cbreader/2022/9/25/Game36535562.html,http://chess-results.com/tnr587230.aspx?lan=1&art=9&fed=USA&flag=30&snr=58
lets_check,FIDE Grand Swiss 2021,9,85,http://view.chessbase.com/cbreader/2022/9/25/Game36535562.html,http://chess-results.com/tnr587230.aspx?lan=1&art=9&fed=USA&flag=30&snr=58
lets_check,FIDE Grand Swiss 2021,11,59,http://view.chessbase.com/cbreader/2022/9/25/Game36535562.html,http://chess-results.com/tnr587230.aspx?lan=1&art=9&fed=USA&flag=30&snr=58
lets_check,President of UZB Prizes,1,62,http://view.chessbase.com/cbreader/2022/9/25/Game36546843.html,http://chess-results.com/tnr588848.aspx?lan=1&art=9&fed=USA&snr=5
lets_check,President of UZB Prizes,2,69,http://view.chessbase.com/cbreader/2022/9/25/Game36546843.html,http://chess-results.com/tnr588848.aspx?lan=1&art=9&fed=USA&snr=5
lets_check,President of UZB Prizes,3,50,http://view.chessbase.com/cbreader/2022/9/25/Game36546843.html,http://chess-results.com/tnr588848.aspx?lan=1&art=9&fed=USA&snr=5
lets_check,President of UZB Prizes,4,79,http://view.chessbase.com/cbreader/2022/9/25/Game36546843.html,http://chess-results.com/tnr588848.aspx?lan=1&art=9&fed=USA&snr=5
lets_check,President of UZB Prizes,6,48,http://view.chessbase.com/cbreader/2022/9/25/Game36546843.html,http://chess-results.com/tnr588848.aspx?lan=1&art=9&fed=USA&snr=5
lets_check,President of UZB Prizes,7,92,http://view.chessbase.com/cbreader/2022/9/25/Game36546843.html,http://chess-results.com/tnr588848.aspx?lan=1&art=9&fed=USA&snr=5
lets_check,President of UZB Prizes,8,82,http://view.chessbase.com/cbreader/2022/9/25/Game36546843.html,http://chess-results.com/tnr588848.aspx?lan=1&art=9&fed=USA&snr=5
lets_check,President of UZB Prizes,9,68,http://view.chessbase.com/cbreader/2022/9/25/Game36546843.html,http://chess-results.com/tnr588848.aspx?lan=1&art=9&fed=USA&snr=5
lets_check,President of UZB Prizes,10,61,http://view.chessbase.com/cbreader/2022/9/25/Game36546843.html,http://chess-results.com/tnr588848.aspx?lan=1&art=9&fed=USA&snr=5
lets_check,8th Sunway Sitges 2021,2,66,http://view.chessbase.com/cbreader/2022/9/25/Game36555875.html,http://chess-results.com/tnr577676.aspx?lan=1&art=9&fed=USA&turdet=YES&flag=30&snr=4
lets_check,8th Sunway Sitges 2021,3,65,http://view.chessbase.com/cbreader/2022/9/25/Game36555875.html,http://chess-results.com/tnr577676.aspx?lan=1&art=9&fed=USA&turdet=YES&flag=30&snr=4
lets_check,8th Sunway Sitges 2021,4,54,http://view.chessbase.com/cbreader/2022/9/25/Game36555875.html,http://chess-results.com/tnr577676.aspx?lan=1&art=9&fed=USA&turdet=YES&flag=30&snr=4
lets_check,8th Sunway Sitges 2021,5,67,http://view.chessbase.com/cbreader/2022/9/25/Game36555875.html,http://chess-results.com/tnr577676.aspx?lan=1&art=9&fed=USA&turdet=YES&flag=30&snr=4
lets_check,8th Sunway Sitges 2021,6,75,http://view.chessbase.com/cbreader/2022/9/25/Game36555875.html,http://chess-results.com/tnr577676.aspx?lan=1&art=9&fed=USA&turdet=YES&flag=30&snr=4
lets_check,8th Sunway Sitges 2021,7,43,http://view.chessbase.com/cbreader/2022/9/25/Game36555875.html,http://chess-results.com/tnr577676.aspx?lan=1&art=9&fed=USA&turdet=YES&flag=30&snr=4
lets_check,8th Sunway Sitges 2021,8,91,http://view.chessbase.com/cbreader/2022/9/25/Game36555875.html,http://chess-results.com/tnr577676.aspx?lan=1&art=9&fed=USA&turdet=YES&flag=30&snr=4
lets_check,8th Sunway Sitges 2021,9,70,http://view.chessbase.com/cbreader/2022/9/25/Game36555875.html,http://chess-results.com/tnr577676.aspx?lan=1&art=9&fed=USA&turdet=YES&flag=30&snr=4
lets_check,8th Sunway Sitges 2021,10,69,http://view.chessbase.com/cbreader/2022/9/25/Game36555875.html,http://chess-results.com/tnr577676.aspx?lan=1&art=9&fed=USA&turdet=YES&flag=30&snr=4
lets_check,Vergani Cup Jan 2022,1,91,http://view.chessbase.com/cbreader/2022/9/25/Game36565531.html,http://chess-results.com/tnr574640.aspx?lan=1&art=9&fed=USA&turdet=YES&flag=30&snr=2
lets_check,Vergani Cup Jan 2022,2,55,http://view.chessbase.com/cbreader/2022/9/25/Game36565531.html,http://chess-results.com/tnr574640.aspx?lan=1&art=9&fed=USA&turdet=YES&flag=30&snr=2
lets_check,Vergani Cup Jan 2022,3,37,http://view.chessbase.com/cbreader/2022/9/25/Game36565531.html,http://chess-results.com/tnr574640.aspx?lan=1&art=9&fed=USA&turdet=YES&flag=30&snr=2
lets_check,Vergani Cup Jan 2022,4,74,http://view.chessbase.com/cbreader/2022/9/25/Game36565531.html,http://chess-results.com/tnr574640.aspx?lan=1&art=9&fed=USA&turdet=YES&flag=30&snr=2
lets_check,Vergani Cup Jan 2022,5,40,http://view.chessbase.com/cbreader/2022/9/25/Game36565531.html,http://chess-results.com/tnr574640.aspx?lan=1&art=9&fed=USA&turdet=YES&flag=30&snr=2
lets_check,Vergani Cup Jan 2022,6,66,http://view.chessbase.com/cbreader/2022/9/25/Game36565531.html,http://chess-results.com/tnr574640.aspx?lan=1&art=9&fed=USA&turdet=YES&flag=30&snr=2
lets_check,Vergani Cup Jan 2022,7,61,http://view.chessbase.com/cbreader/2022/9/25/Game36565531.html,http://chess-results.com/tnr574640.aspx?lan=1&art=9&fed=USA&turdet=YES&flag=30&snr=2
lets_check,Vergani Cup Jan 2022,8,48,http://view.chessbase.com/cbreader/2022/9/25/Game36565531.html,http://chess-results.com/tnr574640.aspx?lan=1&art=9&fed=USA&turdet=YES&flag=30&snr=2
lets_check,Vergani Cup Jan 2022,9,62,http://view.chessbase.com/cbreader/2022/9/25/Game36565531.html,http://chess-results.com/tnr574640.aspx?lan=1&art=9&fed=USA&turdet=YES&flag=30&snr=2
lets_check,St Louis Spring A,1,64,http://view.chessbase.com/cbreader/2022/9/25/Game36573750.html,https://theweekinchess.com/html/twic1427.html
lets_check,St Louis Spring A,2,52,http://view.chessbase.com/cbreader/2022/9/25/Game36573750.html,https://theweekinchess.com/html/twic1427.html
lets_check,St Louis Spring A,3,69,http://view.chessbase.com/cbreader/2022/9/25/Game36573750.html,https://theweekinchess.com/html/twic1427.html
lets_check,St Louis Spring A,4,62,http://view.chessbase.com/cbreader/2022/9/25/Game36573750.html,https://theweekinchess.com/html/twic1427.html
lets_check,St Louis Spring A,5,75,http://view.chessbase.com/cbreader/2022/9/25/Game36573750.html,https://theweekinchess.com/html/twic1427.html
lets_check,St Louis Spring A,6,54,http://view.chessbase.com/cbreader/2022/9/25/Game36573750.html,https://theweekinchess.com/html/twic1427.html
lets_check,St Louis Spring A,7,92,http://view.chessbase.com/cbreader/2022/9/25/Game36573750.html,https://theweekinchess.com/html/twic1427.html
lets_check,St Louis Spring A,8,57,http://view.chessbase.com/cbreader/2022/9/25/Game36573750.html,https://theweekinchess.com/html/twic1427.html
lets_check,St Louis Spring A,9,61,http://view.chessbase.com/cbreader/2022/9/25/Game36573750.html,https://theweekinchess.com/html/twic1427.html
lets_check,Kvika Reykjavik Open 2022,1,71,http://view.chessbase.com/cbreader/2022/9/25/Game36583281.html,http://chess-results.com/tnr599063.aspx?lan=1&art=9&fed=USA&flag=30&snr=3
lets_check,Kvika Reykjavik Open 2022,2,51,http://view.chessbase.com/cbreader/2022/9/25/Game36583281.html,http://chess-results.com/tnr599063.aspx?lan=1&art=9&fed=USA&flag=30&snr=3
lets_check,Kvika Reykjavik Open 2022,3,93,http://view.chessbase.com/cbreader/2022/9/25/Game36583281.html,http://chess-results.com/tnr599063.aspx?lan=1&art=9&fed=USA&flag=30&snr=3
lets_check,Kvika Reykjavik Open 2022,4,52,http://view.chessbase.com/cbreader/2022/9/25/Game36583281.html,http://chess-results.com/tnr599063.aspx?lan=1&art=9&fed=USA&flag=30&snr=3
lets_check,Kvika Reykjavik Open 2022,5,100,http://view.chessbase.com/cbreader/2022/9/25/Game36583281.html,http://chess-results.com/tnr599063.aspx?lan=1&art=9&fed=USA&flag=30&snr=3
lets_check,Kvika Reykjavik Open 2022,6,43,http://view.chessbase.com/cbreader/2022/9/25/Game36583281.html,http://chess-results.com/tnr599063.aspx?lan=1&art=9&fed=USA&flag=30&snr=3
lets_check,Kvika Reykjavik Open 2022,7,71,http://view.chessbase.com/cbreader/2022/9/25/Game36583281.html,http://chess-results.com/tnr599063.aspx?lan=1&art=9&fed=USA&flag=30&snr=3
lets_check,Kvika Reykjavik Open 2022,8,75,http://view.chessbase.com/cbreader/2022/9/25/Game36583281.html,http://chess-results.com/tnr599063.aspx?lan=1&art=9&fed=USA&flag=30&snr=3
lets_check,Kvika Reykjavik Open 2022,9,73,http://view.chessbase.com/cbreader/2022/9/25/Game36583281.html,http://chess-results.com/tnr599063.aspx?lan=1&art=9&fed=USA&flag=30&snr=3
lets_check,55th Capablanca Mem Elite,1,64,http://view.chessbase.com/cbreader/2022/9/25/Game36593843.html,http://chess-results.com/tnr629945.aspx?lan=1&art=9&fed=USA&flag=30&snr=5
lets_check,55th Capablanca Mem Elite,2,54,http://view.chessbase.com/cbreader/2022/9/25/Game36593843.html,http://chess-results.com/tnr629945.aspx?lan=1&art=9&fed=USA&flag=30&snr=5
lets_check,55th Capablanca Mem Elite,4,53,http://view.chessbase.com/cbreader/2022/9/25/Game36593843.html,http://chess-results.com/tnr629945.aspx?lan=1&art=9&fed=USA&flag=30&snr=5
lets_check,55th Capablanca Mem Elite,5,65,http://view.chessbase.com/cbreader/2022/9/25/Game36593843.html,http://chess-results.com/tnr629945.aspx?lan=1&art=9&fed=USA&flag=30&snr=5
lets_check,55th Capablanca Mem Elite,6,74,http://view.chessbase.com/cbreader/2022/9/25/Game36593843.html,http://chess-results.com/tnr629945.aspx?lan=1&art=9&fed=USA&flag=30&snr=5
lets_check,55th Capablanca Mem Elite,7,70,http://view.chessbase.com/cbreader/2022/9/25/Game36593843.html,http://chess-results.com/tnr629945.aspx?lan=1&art=9&fed=USA&flag=30&snr=5
lets_check,55th Capablanca Mem Elite,8,69,http://view.chessbase.com/cbreader/2022/9/25/Game36593843.html,http://chess-results.com/tnr629945.aspx?lan=1&art=9&fed=USA&flag=30&snr=5
lets_check,55th Capablanca Mem Elite,9,62,http://view.chessbase.com/cbreader/2022/9/25/Game36593843.html,http://chess-results.com/tnr629945.aspx?lan=1&art=9&fed=USA&flag=30&snr=5
lets_check,27th Sigeman & Co 2022,1,59,http://view.chessbase.com/cbreader/2022/9/25/Game36636031.html,http://chess-results.com/tnr632384.aspx?lan=1&art=9&fed=USA&turdet=YES&flag=30&snr=3
lets_check,27th Sigeman & Co 2022,2,74,http://view.chessbase.com/cbreader/2022/9/25/Game36636031.html,http://chess-results.com/tnr632384.aspx?lan=1&art=9&fed=USA&turdet=YES&flag=30&snr=3
lets_check,27th Sigeman & Co 2022,3,65,http://view.chessbase.com/cbreader/2022/9/25/Game36636031.html,http://chess-results.com/tnr632384.aspx?lan=1&art=9&fed=USA&turdet=YES&flag=30&snr=3
lets_check,27th Sigeman & Co 2022,4,85,http://view.chessbase.com/cbreader/2022/9/25/Game36636031.html,http://chess-results.com/tnr632384.aspx?lan=1&art=9&fed=USA&turdet=YES&flag=30&snr=3
lets_check,27th Sigeman & Co 2022,5,64,http://view.chessbase.com/cbreader/2022/9/25/Game36636031.html,http://chess-results.com/tnr632384.aspx?lan=1&art=9&fed=USA&turdet=YES&flag=30&snr=3
lets_check,27th Sigeman & Co 2022,6,91,http://view.chessbase.com/cbreader/2022/9/25/Game36636031.html,http://chess-results.com/tnr632384.aspx?lan=1&art=9&fed=USA&turdet=YES&flag=30&snr=3
lets_check,27th Sigeman & Co 2022,7,69,http://view.chessbase.com/cbreader/2022/9/25/Game36636031.html,http://chess-results.com/tnr632384.aspx?lan=1&art=9&fed=USA&turdet=YES&flag=30&snr=3
lets_check,5th Sharjah Masters 2022,1,35,http://view.chessbase.com/cbreader/2022/9/25/Game36645625.html,http://chess-results.com/tnr617267.aspx?lan=1&art=9&fed=USA&flag=30&snr=10
lets_check,5th Sharjah Masters 2022,2,63,http://view.chessbase.com/cbreader/2022/9/25/Game36645625.html,http://chess-results.com/tnr617267.aspx?lan=1&art=9&fed=USA&flag=30&snr=10
lets_check,5th Sharjah Masters 2022,3,75,http://view.chessbase.com/cbreader/2022/9/25/Game36645625.html,http://chess-results.com/tnr617267.aspx?lan=1&art=9&fed=USA&flag=30&snr=10
lets_check,5th Sharjah Masters 2022,4,63,http://view.chessbase.com/cbreader/2022/9/25/Game36645625.html,http://chess-results.com/tnr617267.aspx?lan=1&art=9&fed=USA&flag=30&snr=10
lets_check,5th Sharjah Masters 2022,5,54,http://view.chessbase.com/cbreader/2022/9/25/Game36645625.html,http://chess-results.com/tnr617267.aspx?lan=1&art=9&fed=USA&flag=30&snr=10
lets_check,5th Sharjah Masters 2022,6,77,http://view.chessbase.com/cbreader/2022/9/25/Game36645625.html,http://chess-results.com/tnr617267.aspx?lan=1&art=9&fed=USA&flag=30&snr=10
lets_check,5th Sharjah Masters 2022,8,44,http://view.chessbase.com/cbreader/2022/9/25/Game36645625.html,http://chess-results.com/tnr617267.aspx?lan=1&art=9&fed=USA&flag=30&snr=10
lets_check,5th Sharjah Masters 2022,9,67,http://view.chessbase.com/cbreader/2022/9/25/Game36645625.html,http://chess-results.com/tnr617267.aspx?lan=1&art=9&fed=USA&flag=30&snr=10
lets_check,4th Prague Challengers,1,54,http://view.chessbase.com/cbreader/2022/9/25/Game36662234.html,http://chess-results.com/tnr645709.aspx?lan=1&art=9&fed=USA&turdet=YES&flag=30&snr=4
lets_check,4th Prague Challengers,2,66,http://view.chessbase.com/cbreader/2022/9/25/Game36662234.html,http://chess-results.com/tnr645709.aspx?lan=1&art=9&fed=USA&turdet=YES&flag=30&snr=4
lets_check,4th Prague Challengers,3,78,http://view.chessbase.com/cbreader/2022/9/25/Game36662234.html,http://chess-results.com/tnr645709.aspx?lan=1&art=9&fed=USA&turdet=YES&flag=30&snr=4
lets_check,4th Prague Challengers,4,58,http://view.chessbase.com/cbreader/2022/9/25/Game36662234.html,http://chess-results.com/tnr645709.aspx?lan=1&art=9&fed=USA&turdet=YES&flag=30&snr=4
lets_check,4th Prague Challengers,5,67,http://view.chessbase.com/cbreader/2022/9/25/Game36662234.html,http://chess-results.com/tnr645709.aspx?lan=1&art=9&fed=USA&turdet=YES&flag=30&snr=4
lets_check,4th Prague Challengers,7,66,http://view.chessbase.com/cbreader/2022/9/25/Game36662234.html,http://chess-results.com/tnr645709.aspx?lan=1&art=9&fed=USA&turdet=YES&flag=30&snr=4
lets_check,4th Prague Challengers,8,59,http://view.chessbase.com/cbreader/2022/9/25/Game36662234.html,http://chess-results.com/tnr645709.aspx?lan=1&art=9&fed=USA&turdet=YES&flag=30&snr=4
lets_check,4th Prague Challengers,9,76,http://view.chessbase.com/cbreader/2022/9/25/Game36662234.html,http://chess-results.com/tnr645709.aspx?lan=1&art=9&fed=USA&turdet=YES&flag=30&snr=4
lets_check,Stepan Avagyan Mem 2022,1,71,http://view.chessbase.com/cbreader/2022/9/25/Game36670218.html,http://chess-results.com/tnr644356.aspx?lan=1&art=9&fed=USA&flag=30&snr=10
lets_check,Stepan Avagyan Mem 2022,3,83,http://view.chessbase.com/cbreader/2022/9/25/Game36670218.html,http://chess-results.com/tnr644356.aspx?lan=1&art=9&fed=USA&flag=30&snr=10
lets_check,Stepan Avagyan Mem 2022,4,50,http://view.chessbase.com/cbreader/2022/9/25/Game36670218.html,http://chess-results.com/tnr644356.aspx?lan=1&art=9&fed=USA&flag=30&snr=10
lets_check,Stepan Avagyan Mem 2022,5,48,http://view.chessbase.com/cbreader/2022/9/25/Game36670218.html,http://chess-results.com/tnr644356.aspx?lan=1&art=9&fed=USA&flag=30&snr=10
lets_check,Stepan Avagyan Mem 2022,6,56,http://view.chessbase.com/cbreader/2022/9/25/Game36670218.html,http://chess-results.com/tnr644356.aspx?lan=1&art=9&fed=USA&flag=30&snr=10
lets_check,Stepan Avagyan Mem 2022,7,46,http://view.chessbase.com/cbreader/2022/9/25/Game36670218.html,http://chess-results.com/tnr644356.aspx?lan=1&art=9&fed=USA&flag=30&snr=10
lets_check,Stepan Avagyan Mem 2022,8,78,http://view.chessbase.com/cbreader/2022/9/25/Game36670218.html,http://chess-results.com/tnr644356.aspx?lan=1&art=9&fed=USA&flag=30&snr=10
lets_check,Stepan Avagyan Mem 2022,9,77,http://view.chessbase.com/cbreader/2022/9/25/Game36670218.html,http://chess-results.com/tnr644356.aspx?lan=1&art=9&fed=USA&flag=30&snr=10
lets_check,Bundesliga 2021-22,7,69,http://view.chessbase.com/cbreader/2022/9/25/Game36680125.html,
lets_check,Bundesliga 2021-22,8,88,http://view.chessbase.com/cbreader/2022/9/25/Game36680125.html,
lets_check,Bundesliga 2021-22,11,72,http://view.chessbase.com/cbreader/2022/9/25/Game36680125.html,
lets_check,Bundesliga 2021-22,12,69,http://view.chessbase.com/cbreader/2022/9/25/Game36680125.html,
lets_check,Bundesliga 2021-22,13,68,http://view.chessbase.com/cbreader/2022/9/25/Game36680125.html,
lets_check,Bundesliga 2021-22,14,93,http://view.chessbase.com/cbreader/2022/9/25/Game36680125.html,
lets_check,Bundesliga 2021-22,15,63,http://view.chessbase.com/cbreader/2022/9/25/Game36680125.html,
lets_check,TCh-TUR Super League 2022,9,51,http://view.chessbase.com/cbreader/2022/9/25/Game36688546.html,http://chess-results.com/tnr666246.aspx?lan=1&art=9&snr=5
lets_check,TCh-TUR Super League 2022,10,49,http://view.chessbase.com/cbreader/2022/9/25/Game36688546.html,http://chess-results.com/tnr666246.aspx?lan=1&art=9&snr=5
lets_check,TCh-TUR Super League 2022,11,47,http://view.chessbase.com/cbreader/2022/9/25/Game36688546.html,http://chess-results.com/tnr666246.aspx?lan=1&art=9&snr=5
lets_check,TCh-TUR Super League 2022,12,69,http://view.chessbase.com/cbreader/2022/9/25/Game36688546.html,http://chess-results.com/tnr666246.aspx?lan=1&art=9&snr=5
lets_check,TCh-TUR Super League 2022,13,49,http://view.chessbase.com/cbreader/2022/9/25/Game36688546.html,http://chess-results.com/tnr666246.aspx?lan=1&art=9&snr=5
lets_check,"2022 Sinquefield Cup, St Louis",1,62,http://view.chessbase.com/cbreader/2022/9/11/Game315618468.html,https://theweekinchess.com/chessnews/events/9th-sinquefield-cup-2022
lets_check,"2022 Sinquefield Cup, St Louis",2,72,http://view.chessbase.com/cbreader/2022/9/11/Game315618468.html,https://theweekinchess.com/chessnews/events/9th-sinquefield-cup-2022
lets_check,"2022 Sinquefield Cup, St Louis",3,69,http://view.chessbase.com/cbreader/2022/9/11/Game315618468.html,https://theweekinchess.com/chessnews/events/9th-sinquefield-cup-2022
lets_check,"2022 Sinquefield Cup, St Louis",4,35,http://view.chessbase.com/cbreader/2022/9/11/Game315618468.html,https://theweekinchess.com/chessnews/events/9th-sinquefield-cup-2022
lets_check,"2022 Sinquefield Cup, St Louis",5,61,http://view.chessbase.com/cbreader/2022/9/11/Game315618468.html,https://theweekinchess.com/chessnews/events/9th-sinquefield-cup-2022
lets_check,"2022 Sinquefield Cup, St Louis",6,46,http://view.chessbase.com/cbreader/2022/9/11/Game315618468.html,https://theweekinchess.com/chessnews/events/9th-sinquefield-cup-2022
lets_check,"2022 Sinquefield Cup, St Louis",7,80,http://view.chessbase.com/cbreader/2022/9/11/Game315618468.html,https://theweekinchess.com/chessnews/events/9th-sinquefield-cup-2022
lets_check,"2022 Sinquefield Cup, St Louis",8,46,http://view.chessbase.com/cbreader/2022/9/11/Game315618468.html,https://theweekinchess.com/chessnews/events/9th-sinquefield-cup-2022
lets_check,"2022 Sinquefield Cup, St Louis",9,45,http://view.chessbase.com/cbreader/2022/9/11/Game315618468.html,https://theweekinchess.com/chessnews/events/9th-sinquefield-cup-2022
lets_check,"2022 US Championship, St Louis",1,68,http://view.chessbase.com/cbreader/2022/10/23/Game125297953.html,https://theweekinchess.com/chessnews/events/us-chess-championship-2022
lets_check,"2022 US Championship, St Louis",2,51,http://view.chessbase.com/cbreader/2022/10/23/Game125297953.html,https://theweekinchess.com/chessnews/events/us-chess-championship-2022
lets_check,"2022 US Championship, St Louis",3,54,http://view.chessbase.com/cbreader/2022/10/23/Game125297953.html,https://theweekinchess.com/chessnews/events/us-chess-championship-2022
lets_check,"2022 US Championship, St Louis",4,55,http://view.chessbase.com/cbreader/2022/10/23/Game125297953.html,https://theweekinchess.com/chessnews/events/us-chess-championship-2022
lets_check,"2022 US Championship, St Louis",5,66,http://view.chessbase.com/cbreader/2022/10/23/Game125297953.html,https://theweekinchess.com/chessnews/events/us-chess-championship-2022
lets_check,"2022 US Championship, St Louis",6,43,http://view.chessbase.com/cbreader/2022/10/23/Game125297953.html,https://theweekinchess.com/chessnews/events/us-chess-championship-2022
lets_check,"2022 US Championship, St Louis",7,31,http://view.chessbase.com/cbreader/2022/10/23/Game125297953.html,https://theweekinchess.com/chessnews/events/us-chess-championship-2022
lets_check,"2022 US Championship, St Louis",8,62,http://view.chessbase.com/cbreader/2022/10/23/Game125297953.html,https://theweekinchess.com/chessnews/events/us-chess-championship-2022
lets_check,"2022 US Championship, St Louis",9,27,http://view.chessbase.com/cbreader/2022/10/23/Game125297953.html,https://theweekinchess.com/chessnews/events/us-chess-championship-2022
lets_check,"2022 US Championship, St Louis",10,56,http://view.chessbase.com/cbreader/2022/10/23/Game125297953.html,https://theweekinchess.com/chessnews/events/us-chess-championship-2022
lets_check,"2022 US Championship, St Louis",11,87,http://view.chessbase.com/cbreader/2022/10/23/Game125297953.html,https://theweekinchess.com/chessnews/events/us-chess-championship-2022
lets_check,"2022 US Championship, St Louis",12,54,http://view.chessbase.com/cbreader/2022/10/23/Game125297953.html,https://theweekinchess.com/chessnews/events/us-chess-championship-2022
lets_check,"2022 US Championship, St Louis",13,52,http://view.chessbase.com/cbreader/2022/10/23/Game125297953.html,https://theweekinchess.com/chessnews/events/us-chess-championship-2022
